sentence,label
"I keep seeing if an adventure mode needs to exist then why not just start a char at 68. then a couple months after that we'll see post about how people want to start at 90 just so they can kill bosses. Then a few months later we'll see people asking for a""creative"" mode so they can have access to all items in the game so they don't have to farm, and i dont think that sets a good example as a community for a game that we all love.",slippery slope
That leads to me believe that most cat lovers are really shy.,hasty generalization
"Someone once told me they have an""alt"" cause their main account was too high of rank to play with their friends. It's exactly the same as smurfing.",false analogy
Joe Biden will lose to Trump if he is the nominee. The Democratic party clearly has not learned the right lesson from Hillary Clinton's miserable failure.,guilt by association
Joe Biden will lose to Trump if he is the nominee. The Democratic party clearly has not learned the right lesson from Hillary Clinton's miserable failure. NOBODY WANTS ESTABLISHMENT POLITICIANS ANYMORE. NOBODY LIKES THE STATUS QUO.,causal oversimplification
The Democratic party clearly has not learned the right lesson from Hillary Clinton's miserable failure. NOBODY WANTS ESTABLISHMENT POLITICIANS ANYMORE. NOBODY LIKES THE STATUS QUO.,ad populum
The status quo in America is that its the best its ever been. We live in one of the best societies in the best times that humans have ever experienced.,circular reasoning
"America is the best place to live, because it's better than any other country.",circular reasoning
"Let us move now to the future. It is not enough to stand on this record because we are dealing with the most ruthless, fanatical... leaders that the world has ever seen.",appeal to fear
"That is why I say that in this period of the sixties, America must move forward in every area.",causal oversimplification
Delores is a big supporter for equal pay for equal work. This is the same policy that all those extreme feminist groups support. Extremists like Delores should not be taken seriously -- at least politically.,ad hominem
"""Four out of five dentists recommend Happy Glossy toothpaste. Therefore, it must be great.""",appeal to (false) authority
Once they wear masks your anxiety will force you to demand the next step. biohazard suits? get real.,slippery slope
"The last Democrat winner of the New Hampshire primary won the general election. This year, the winner of the New Hampshire primary will win the general election.",causal oversimplification
"Men score better on math than women do. Jerry is a man. Therefore, Jerry is better at math than Sylvia, who is a woman.",fallacy of division
So much important stuff in the world that needs political activism. Makes a petition to portbeg P5 onto PC and Switch.,Appeal to Ridicule
Carbon dioxide hurts nobody' s health. It' s good for plants.,false analogy
Carbon dioxide hurts nobody' s health. It' s good for plants. Climate change need not endanger anyone.,causal oversimplification
"Mr. Governor issues a proclamation for the people of his state to pray for rain. Several months later, it rains. Praise the gods!",Appeal to Ridicule
"Iran has moved forward with its nuclear weapons program. They're more dangerous today than they were four years ago. North Korea has moved forward with their nuclear weapons program, gone from one to two nuclear weapons to six to eight nuclear weapons. This vice president has been an advocate for over a decade for lifting sanctions against Iran, the largest state sponsor of terrorism on the planet. It's a mistake.",appeal to fear
"North Korea has moved forward with their nuclear weapons program, gone from one to two nuclear weapons to six to eight nuclear weapons. This vice president has been an advocate for over a decade for lifting sanctions against Iran, the largest state sponsor of terrorism on the planet. It's a mistake.",false analogy
"This vice president has been an advocate for over a decade for lifting sanctions against Iran, the largest state sponsor of terrorism on the planet. It's a mistake.",guilt by association
You cant stop nature. Youre going to be infected if you havent already. We are always trying to fight nature. We just have to let it run its course.,appeal to nature
"The majority of the class says they prefer grape flavored drinks, so Jeff tells his superiors that grape is the flavor favored most by high school students.",hasty generalization
The Freehold Raceway Mall is the best mall because there are always so many cars there.,causal oversimplification
This is law school arrogance at its finest. Why not a brain surgeon?,Appeal to Ridicule
"Along the Russian coastline, which makes up more than half the Arctic total, winds and currents push old ice away from potential shipping lanes and prevent the build-up of thicker, multi-year ice that would leave other parts of the Arctic impassable for longer periods.",nothing
"My first day of basketball practice was easy, so it will always be easy.",false causality
Don't listen to him! He's a terrible person! I saw him trip another student and steal his lunch money!,ad hominem
"The left is asking for expanding background checks, closing the gun show loop hole, maybe registering firearms and creating a system that addresses or catches strawman purchases.",nothing
"Several years ago, a group of 10 psychologists started a psychology training program. Each of those psychologists is efficient, effective, and highly-regarded. Their training program must be efficient, effective, and highly-regarded.",causal oversimplification
"efficient, effective, and highly-regarded. Their training program must be efficient, effective, and highly-regarded.",false analogy
"I lost my phone in the living room, so it will always be in the living room when it is lost.",false causality
"So was the bar burned by a mob and the owner killed? If not, Christians have a ways to go before they are on par with Muslims.",false dilemma
"If you sell at bottom, you're either panicking or trying to crash the price of the asset you're selling.",false dilemma
So now the far left is going to have to admit that there is a difference between the brains of men and women and their behavior isn't just a social construct that is created by what toys they are raised with?,straw man
So now the far left is going to have to admit that there is a difference between the brains of men and women and their behavior isn't just a social construct that is created by what toys they are raised with? Looks like the exception is charging to the rescue of the norm. Plot twist!,hasty generalization
"The spider that bit was poison, therefore all spiders are poison.",hasty generalization
What precisely makes these world leaders so convinced that climate change is a more urgent and massive threat than the incessant rampages of Islamist violence?,appeal to anger
"These are unidentified people, and after the bomb goes off, they're blown to bits because they are suicidal individuals who think they're going to go to paradise if they perpetrate such an act and lose their life in doing it.",nothing
smoking cigarettes is deadly because cigarettes can kill you,circular reasoning
"Do any of you self-righteous pricks understand in the slightest capacity how nature works? There are 4.6 BILLION FUCKING YEARS of evolution on this planet across hundreds upon hundreds of millions of species and not a goddamned one of them, with the exception of you idiots, has any problem with killing for food.",ad hominem
"There are 4.6 BILLION FUCKING YEARS of evolution on this planet across hundreds upon hundreds of millions of species and not a goddamned one of them, with the exception of you idiots, has any problem with killing for food. It's in the DNA of every single creature on this planet, and it's the SOLE FUCKING REASON that either of us exist. Killing for food is 100% acceptable and morally right, and the suffering of the animals involved is fucking irrelevant. Lions don't give a fuck about the screams of a wildebeest as they disembowel it for a dinner. There is nothing, save for your ego, that gives you a reason to act or feel any different.",appeal to nature
"Everybody who's looked at it, 500 economists, seven Nobel prize winners, say it's bad for the economy.",appeal to (false) authority
It's going to blow a hole in the deficit It's going to raise taxes on nine million people and require bigger cuts than the one I vetoed.,appeal to fear
"It's going to blow a hole in the deficit It's going to raise taxes on nine million people and require bigger cuts than the one I vetoed. Our plan is better, it will take us into the future with a growing economy and healthier families.",false dilemma
"Our plan is better, it will take us into the future with a growing economy and healthier families.",appeal to positive emotion
"If indoor smoking laws are passed for bars, the bars will go out of business since people who drink, smoke while they drink.",causal oversimplification
"You should drive on the right side of the road because that is what the law says, and the law is the law.",circular reasoning
"If that were the case, a lot of pro vaxxers wouldn't have an informed opinion either and let's be honest: they don't.",hasty generalization
"If that were the case, a lot of pro vaxxers wouldn't have an informed opinion either and let's be honest: they don't. Herd mentality is as much a thing as herd immunity.",equivocation
"What antivaxxers need is someone with a PhD drawing a conclusion they agree with so they can repeat and circlejerk that to oblivion. And someone with a PhD should know the difference between an actual result and""oh hey one number out of 100 says this so it must be true"".",Appeal to Ridicule
"It happened because I could work with people -- Republicans and Democrats. That's why we've had 24 retired generals and admirals, hundreds of business people, many of them Republican, support this campaign. You have to decide whether you want to change or not.",appeal to (false) authority
You have to decide whether you want to change or not.,false dilemma
Fortnite is the best game ever. Everyone is playing it!,ad populum
"Every sunrise, the rooster makes a sound. So it is the rooster which makes the sun rise.",false causality
I passed my math test after going out to the movies the night before. I should go to the movies the night before every math test!,false causality
"According to Freud, your belief in God stems from your need for a strong father figure. So don't you see that it's silly to continue believing in God?",Appeal to Ridicule
Human are omnivores. End of argument.,appeal to nature
I got into a discussion with someone on here who claimed that even though he supported legalized abortion and was pro choice he still received.,false dilemma
And he was flippant and dismissive. The Eucharist is not a reward or something you deserve if you are obstinate to church teachings,ad hominem
"Choosing compassion over virtue signaling should not place any individual in mortal sin. After all, 51% of US Catholics believe abortion should be legal in all or most cases.",ad populum
"I dont have to justify it, vegans assume most people consider an animal life to be on par with human life, its not.",straw man
"There is nothing morally wrong about killing animals for food, you realise animals kill other animals for food too right?",appeal to nature
We won the Cold War because we invested and we went forward.,causal oversimplification
"He was born to Catholic parents and raised as a Catholic until his confirmation in 8th grade. Therefore, he is bound to want to defend some Catholic traditions and, therefore, cannot be taken seriously.",false causality
"Therefore, he is bound to want to defend some Catholic traditions and, therefore, cannot be taken seriously.",ad hominem
"As a matter of fact, the tools now given to the terrorist fighters are the same tools that we've been using against drug dealers and white-collar criminals.",nothing
My way of responding to difficult patients is by far the most ethical because no other way is so ethical and it is the only way that is completely ethical.,circular reasoning
"Well, democracy gave us Trump to the whole world. I'll let others judge what democracy is.",causal oversimplification
"Chihuahuas are good inside dogs. German Shepherds are dogs; therefore, German Shepherds would be good inside dogs, too.",false analogy
"Most animals, including humans are meant to consume meat. Humans would've probably died out by eating vegetables alone. So why not doing what we were meant to do by enjoying some salmon?",appeal to nature
So why not doing what we were meant to do by enjoying some salmon? Or do you actually think fish is okay since you don't think they look cute?,Appeal to Ridicule
The United States is the wealthiest nation in the world. So every American is wealthy.,fallacy of division
"As he goes by, the driver yells""get on the sidewalk where you belong!"" Sam sees that the car has Ohio plates and concludes that all Ohio drivers are jerks.",hasty generalization
Advancement and maybe kickbacks? Either that or he's just a psychopath who gets off on destroying people's lives. Either way this asshole should never see the light of day again.,false dilemma
Either that or he's just a psychopath who gets off on destroying people's lives. Either way this asshole should never see the light of day again.,ad hominem
"only man is rational no women is man Therefore, no women is rational",equivocation
"You should never gamble. Once you start gambling you find it hard to stop. Soon you are spending all your money on gambling, and eventually you will turn to crime to support your earnings.",slippery slope
"If it is very low, for instance around one, it means greenhouse gas emissions are simply not worth doing anything about. But if ECS is high -- say, around four degrees or more -- then climate change is probably a big problem. We may not be able to stop it, but we' d better get ready to adapt to it.",false dilemma
"Hopefully the police will use their resources on more serious issues such as knife crime, drug gangs and scooter criminals.",appeal to worse problems
From a practicing judge?,ad hominem
"So don't be upset someone is your age and way luckier than you, be thankful you weren't born into worse circumstances because there are likely plenty.",appeal to worse problems
"Also, fun fact, they've done studies and if you make around $80k in the US anything beyond that doesn't really contribute to your overall happiness.",straw man
I think what's cooler about Post Malone and other wildly successful people is they are doing what they love doing. That's real success.,straw man
We know God exists because he made everything,circular reasoning
"2 chicks rejected me for being a virgin. I had sex as soon as I started lying about having had sex. And all those weren't even casual sex, it was in the frame of relationships. Apparently it holds bearing on who you are as a person and you're not the same person when you loose it.",equivocation
"The numbers show that we hit twice the audience with TV, and our focus groups remember the TV commercial 38 percent more than the radio slot.",nothing
This is a ridiculous post and this mechanic will never be changed. Seat switching has always been a BF mechanic.,appeal to tradition
Dont sit here and try and talk about realism or how you shouldnt be able to swap instantly between seats when there is hardly anything realistic about BF vehicle play in general.,Appeal to Ridicule
Sounds like you need to get better if you are having trouble shooting down the most vulnerable aircraft in the sky.,Appeal to Ridicule
"Social media is the worst. People don't realize how much of an effect it has on someone, especially his generation.",hasty generalization
Anyone in the public eye who has any sort of mental health issue should rid themselves of their accounts if they possibly can.,false dilemma
"China has people in internment camps and people in the middle east get stoned for not wearing head scarves, but it's social media that's the worst?",appeal to worse problems
"Mr. Gough supports the cell phone ban and he's an idiot, so we should let teachers keep their cell phones.",ad hominem
"Bill, you drive a beat-up car from the 1980s. For this reason, we can never allow you to be a lifeguard at the community pool.",ad hominem
The teenagers where rude and disrespectful therefore all teenagers are rude and disrespectful.,hasty generalization
"If you give the government *any* control over what is considered""hate speech"", you are basically relinquishing your freedom of speech. It's a slippery slope. For example: saying""hateful"" things about Islam becomes illegal. Let's say you criticise Sharia laws (laws based off of the rules set out in Islam for those who are unaware). Next thing you know, your own government has full power to censor this""hate"", and you are persecuted simply for disagreeing with the laws of an ally nation. Governments have shown time and time again that they are more than happy to censor and abuse their peoples. Don't ever relinquish your freedoms willingly.",appeal to fear
Governments have shown time and time again that they are more than happy to censor and abuse their peoples.,hasty generalization
That means it must be really good!,ad populum
"If we ban Hummers because they are bad for the environment, then eventually the government will ban all cars; therefore, we should not ban Hummers.""",slippery slope
"My roommate from Maine loves lobsters, therefore all people from Maine love lobsters.",hasty generalization
I worked in an engineering factory for years and was never supplied a back belt so I now have a bad back and the only way I can get any sleep is to take 4 pain killers before bed or smoke one joint so I'll stick to what's natural rather than use so many painkillers my liver will be useless in a few years so cannabis for the win with me,appeal to nature
There must be a firm basis to people hating Islam. There are many of us and we can't all be wrong.,ad populum
"You are damn right i am and with good reason. With my own two eyes i have seen how it destroys countries, Islamic countries none the less.",false causality
People that support this religion blowing each other up.,appeal to fear
"You are doing a dis-service to your country being""politically correct"" in regard to Islam and your children will suffer because of it.",appeal to fear
Good thing CA is able to focus on this hugely important issue and doesn't have massive homelessness plaguing it's cities or an ever increasing affordable housing crisis to worry about.,appeal to worse problems
I'm so glad CA is at the forefront of tackling our nation's most pressing issues. Keep being a beacon of hope CA and I'm sure other states will follow.,Appeal to Ridicule
The policies of the last eight years and -- and Washington's unwillingness to tackle the tough problems for decades has left us in the worst economic crisis since the Great Depression.,causal oversimplification
And that's why the biggest risk we could take right now is to adopt the same failed policies and the same failed politics that we've seen over the last eight years and somehow expect a different result.,appeal to fear
"Ive collectively had sex hundreds of times with my partners over the years, that doesn't make me better than someone who's had sex with more people, one time each.",false analogy
Almost everyone in the world will look more favorably on a person who has had sex 100x times with one person versus having sex 1x each with 100 different people.,ad populum
I work 6 ten hour days very frequently and don't get weekends off. In a way it's pretty insulting to see people angry with a 9-5 40 hour work week. I'd be so grateful to have that extra time to spend with my family and friends.,appeal to pity
A few students are misbehaving...therefore the whole class is bad.,hasty generalization
It implies an existing framework of what the extremes of diet are or can be.,straw man
"For example, if we're speaking'natural' diet. Balance can't include any refined sugar at all because we weren't able to process it. Before the food pyramid came around the upper end of sugar consumption would have been much lower.",straw man
But irrespective of whether he thinks it is or not means less than fact that this country cannot morally and socially and economically accept an economy running out the clock on the 20th Century.,appeal to fear
We're treading water. We have families that are hurting. We have people who are unemployed. We have people with no property. We have an administration that is demolishing public housing in our inner cities and not providing anything else but more public housing.,appeal to anger
"Their solution to the inner city is more -- excuse the expression but it's true,""socialism.""",false dilemma
"Michael Jackson, Kurt Cobain, and Jimi Hendrix were rock stars who died young. Therefore, if you become a rock star, don't expect to live a long life.",hasty generalization
Over 5 million Filipinos use our products. It's time to switch to our brand now!,ad populum
"I think I'm right because I believe that we must have a consistent foreign policy, a strong America, and a strong economy.",appeal to positive emotion
it's clear enough so that there are 2.18 billion Christians,ad populum
"And the budget plan that I've put out, according to the""Los Angeles Times"" again, the way these things are typically measured as a percentage of the GDP, will bring government spending down to the lowest level in 50 years. So I want to proceed carefully to cover more people.",appeal to (false) authority
"Animals aren't food for us. If you wouldn't eat a dog or cat, don't eat a cow or chicken. Even if you would eat a dog or cat, don't.",false analogy
"Animals are food for other animals, why they wouldn't be food for humans?",appeal to nature
The president of Honduras is a good leader because he is a leader of the country.,circular reasoning
"The government's bigger than it was when President Kennedy was around, even though he says it's not.",nothing
Families communicate less and less in the past forty years since feminism became mainstream. Feminism is to blame for this deterioration in the family.,false causality
"Our military is the strongest military in the world. It is the strongest, best prepared, best equipped it has ever been.",appeal to positive emotion
"Murder is morally wrong. Therefore, abortion is morally wrong.",false analogy
"Violent video games cause teens to be violent, because violent teens play violent video games.",circular reasoning
"These test results are clearly wrong, and it must be either because the client was malingering or because I bungled the test administration.",false dilemma
Is that why my prescriptions and premiums keep going up massively?,Appeal to Ridicule
"Trump hasn't done shit to improve healthcare, he has done the complete opposite.",appeal to anger
I did it because I worked my ass off and learned a skill in the military. It's not that hard you just got to do the best you can.,causal oversimplification
"Or put another way If you run into an asshole in the morning, you ran into an asshole.",nothing
For want of a nail the shoe was lost. For want of a shoe the horse was lost. For want of a horse the rider was lost. For want of a rider the battle was lost. For want of a battle the kingdom was lost.,slippery slope
"I bought a ticket to win a new car at the mall, since I have never won anything like that in the past.",false causality
"I went veg because factory farming is horribly unnatural, but I can't really come up with an argument against hunting based on what made me go veg...",appeal to nature
"I'm vegan, I'll never part take in this activity, but I don't feel like hunting for fun should be considered a mental illness. Our ancestors used to depend on it to survive, so I can see how it might be in someone's genome to want to hunt.",appeal to tradition
"Our ancestors used to depend on it to survive, so I can see how it might be in someone's genome to want to hunt. Hunting is almost entirely aligned with the natural cycle of life, factory farming in horrible conditions isn't.",appeal to nature
Cooking and eating meat is an artistic practice with thousands of years of history. My choice to cook and eat meat is a choice to participate in the continuation of this art form.,appeal to tradition
"I support eating meat for the same reason I would support classical music, theater, or sculpture: because I support art.",false analogy
"He was right, but then he put in place deficits twice that size for every one of his four years.",tu quoque
14 year olds are plenty old enough to be around loaded guns. They arent 4. I had guns in a safe in my bedroom from 10 years old. I had the key and ammo.,hasty generalization
"Yeah its not just about my approval, pretty sure the majority of people in the U.S are against open carrying an AR. No one sees someone carrying a long gun in public and thinks wow look at them go, so glad they are exercising their rights.",ad populum
"No one sees someone carrying a long gun in public and thinks wow look at them go, so glad they are exercising their rights. Theyre thinking Im glad I have my ccw so I can drop this motherfucker if he sneezes. And youre right, I should just assume that all 14 year olds were taught properly on how to handle firearms even if their parents are pieces of shit. I shouldnt care if he hurts himself or someone else because if I did Id just be infringing in someones rights. Glad your parents believed you wouldnt kill someone with a gun that young. Too bad other parents believed the same thing.",Appeal to Ridicule
There is nothing wrong with being racist or anti Semitic. Being tribal is a normal part of being human.,appeal to nature
Almost 3k upvotes show that most people agree with me.,ad populum
"Its weird, its not socially or mentally healthy, its not a thing.",ad hominem
Even the Republican platform has criticized the lack of leadership in Mr. Ford and they've criticized the foreign policy of this administration.,appeal to (false) authority
"This is one instance where I agree with - with the Republican platform. I might say this in closing, and that is that as far as foreign policy goes, Mr. Kissinger has been the president of this country.",ad hominem
he thinks he's just hanging out with a buddy but what he fails to realize is that he has a huge platform with a fan base of highly impressionable young men who feel wronged by society and entitled to scream like a monkey on the back of a pig with a cowboy hat,hasty generalization
Free speech bad,Appeal to Ridicule
"Mrs. Miller taught your older brother, who was the class clown. She decides to be strict with you from the very first day of class because she thinks you will be a clown, too.",guilt by association
"Mankind has been using""recreational drugs"" since we developed agriculture, and probably before too.",appeal to tradition
"James' mom is concerned when she finds out that he skipped class one day. She tells him that she is concerned that since he skipped one class, he will start skipping more frequently. Then he will drop out altogether, never graduate or get into college, and end up unemployed and living at home for the rest of his life.",slippery slope
So the least corrupt state is anarchy by this logic.,Appeal to Ridicule
"This is""deep"" libertarian bullshit.",ad hominem
"Good people don't need laws to tell them how to be good, bad people either ignore laws or use/create them to hide behind...",circular reasoning
"Well if 10 minutes isnt bad, then surely 11 is ok. If 11 is ok then 13 is fine. If 13 is fine then whats wrong with 15. You said 15 is ok, 16 is just a minute more. Were at 16, Im finishing up and will be checked out by 18. See how it keeps getting stretched out?????",slippery slope
When the goddamned sign says the store closes at 9:00 the fucking customers need to get the fuck out by 8:59. They had all day to get their shit taken care of.,causal oversimplification
When the goddamned sign says the store closes at 9:00 the fucking customers need to get the fuck out by 8:59. They had all day to get their shit taken care of. At 9 0 0 youre on my time.,appeal to anger
Three congressional representatives have had affairs. Members of Congress are adulterers.,hasty generalization
So he's saying liberals are better educated than conservatives. We agree. Trump isn't the only one who loves the poorly educated.,Appeal to Ridicule
"Or, more accurately, many liberal professors abuse their positions by attempting to force their political opinions into subjects they don't belong in, like the English professor who insists their students each write a paper on""Why the GOP are terrorists"" and grade students poorly who disagree with that opinion (experienced that first hand).",hasty generalization
"Many of the big name institutions have become incestuous single minded orgies which no longer challenge students to think out of the box, challenge assumed truths and seek to learn all they can, but instead have become factories to produce a very specific set of opinions and mindsets never to be questioned.",ad hominem
Incoming comments of things that are nutritious but people don't consider healthy because they're high in calories AND other random shit they read on a blog who's ultimate goal is to convince them to spend money on something at some point.,Appeal to Ridicule
Dairy and red meat are fine - people have been consuming them for centuries and they did shit like building pyramids using just their hands.,appeal to tradition
"You don't need to live off of bland chicken breasts, broccoli, and scrambled eggs to be healthy.",straw man
I think one of the biggest reasons for the obesity epidemic in America is the over-complication of nutrition.,causal oversimplification
"I think one of the biggest reasons for the obesity epidemic in America is the over-complication of nutrition. A new food is""unhealthy"" every week.",Appeal to Ridicule
Distracted driving is a HUGE problem but the fact that people are begging for a state run mass surveillance system is terrifying. It may seem innocuous and even helpful at first but the implications are tremendous. These are the first steps towards mass facial recognition and social credit systems... and people are clamoring for it.,appeal to fear
The Cardinals are the best football team because they're better than all the other teams. They're better than all the other teams because they're the best.,circular reasoning
But did they check slow food? Dollars to donuts that eating at an average restaurant is unhealthier than 30 years ago by an even wider margin.,appeal to worse problems
Fast food isn't fueling the obesity epidemic; FOOD is fueling the obesity epidemic.,causal oversimplification
Let's not forget Genetically Modified foods. They are not on our food chain.,appeal to nature
"Yeah, I always go to religious organizations to supply me with clear and objective scientific studies...",Appeal to Ridicule
"But as Admiral Yarnell has said, and he's been supported by most military authority, these islands that we're now talking about are not worth the bones of a single American soldier; and I know how difficult it is to sustain troops close to the shore under artillery bombardment.",appeal to (false) authority
"I propose that for a modern account of a miracle, if the person telling you the account is trustworthy, that is a reason to take the account seriously.",appeal to (false) authority
He has smoked cigarettes his entire life and he doesn't have lung cancer. Therefore smoking doesn't cause lung cancer.,hasty generalization
"It causes economic problems and turmoil, and then we turn around, as we did in Mexico, having to bail them out.",causal oversimplification
"Yeah, this doctor is a moron. Not smart like you.",Appeal to Ridicule
But you don't have a lot of experience in project management either!,tu quoque
"Rightly so. I don't care how it makes trans people feel, the vast majority of people would want to know if someone was born a different sex to that which they're passing themselves off as.",ad populum
"or as my sister called it,""laundry over dirt field""  Well it's common in Sichuan where this dish is originated from to serve it like this, so it's not a stupid restaurant plating thing it's how it should be
",nothing
all believe I would make a stronger commander in chief. And they believe it because they know I would not take my eye off of the goal: Osama bin Laden.,appeal to (false) authority
"Fred, the German, stole my wallet. Therefore, all Germans are thieves.",hasty generalization
"Slavery is accepted by just about everyone in our society, so it's ethical to keep slaves.",ad populum
"EDIT: The good news is they will be cheap, the bad news is you need someone who can do smd soldering, which, for no good reason, is a dark art.",nothing
"
 I just picked up one of the tinted balms and it's a really lovely product.",nothing
Have you not know that this poster is extremely popular in Oculus sub reddit?,ad populum
"Thank you, have a nice day
 Enter Bios and see if your hdd is detected.",nothing
" New Firefox Update
 Dog software on cat hardware
 Wouldn't it be the other way around?",nothing
"Most people I spoke to didn't like TLJ, so if anything, it should have a lower than 55% score.",hasty generalization
" Legion is the best overall expac we will ever get and here is why
 This feels like definite nostalgia talking to me.",nothing
"I don't know, it's just a thing with me because I've been helping orphans for a long time and their mental health is seriously fucked up because of it.",nothing
"
 I got those tests and they came back fine, I was so confident that it was lupus for a while but that negative test has really thrown me !",nothing
"
 So a woman got in an altercation, got mad and grabbed a gun and starting shooting, and was then shot by someone else.",nothing
"
 I get that it's weird that someone from the lgbtq+community supports fascists who want people like him to die, but I don't see his sexual identity having any relevance to this story.",nothing
" Ned, the actor behind Micheal, was recently admitted in the hospital for Covid Pneumonia, hoping for his good health and be well soon
 First we nearly lost Dr. Dre now we might lose Michael.",nothing
"
 many people have been calling out science subreddit mods like mvea etc for spamming ""shill articles"" etc.",nothing
"
 Oh man, I'm actually relieved, because I had to do this same shit to my subordinates, and honestly I made up numbers 99% of the time because they worked their full hours and could prove it, and their performance was the best in the office because they weren't being crushed by an asshole dictator.",nothing
Female sexual history obviously plays a big role in the success of marriage.,false causality
With the amount of weapons in the USA and the ease of smuggling in the country assault weapon bans wouldn't do anything because you could still get then illegally.,false causality
Restrictions on acquisitions are not going to stop that. Enforcement of possession laws will stop that and no politician is campaigning to do that.,false dilemma
"The NRA commits terror by encouraging circumstances and laws which lead to 30,000 deaths a year",appeal to anger
"Young people who do not vote should be shamed. What can we do to get more young people involved? The barriers today are much less than any other time in history, eg women and people of color segregation and disenfranchisement",causal oversimplification
"Lars, Kirk and even Cliff have all been criticized for their technical skills, but their creativity, along with James (who is an excellent songwriter and rhythm guitarist), was what made Metallica the greatest metal band of all time, not their chops.",causal oversimplification
Every one I remember seeing has proven itself to be between 50% and 90% overstated. Our death counts ended up being 10% of what the models were forecasting.,hasty generalization
They claim they don't have the personnel to staff them....despite the state's NG being given authorization from our governor to send its stock of nurses and doctors to do it.,causal oversimplification
It makes me wonder of it was just the usual bureaucratic waste or if they've got a future use in mind for the facility...,false dilemma
You havent played but are talking about it like this? Oof,tu quoque
"Imagine being a horny naive 16 year old. You were talking to a girl, you guys exchange nudes. You're 21. It's been revealed to other adults that you sent a picture of your dick (nice cock btw). You're on the sex offender registry. You will get almost all job offers turned down. Your life is fucked because someone decided your life should be shit for being a horny teenager.",Appeal to Ridicule
21 year old aren't teenagers,straw man
"If this was just people getting details mixed up, the Mandela Effect would not sustain the interest it has.",ad populum
"a lot of leftists are mad that its 1400 checks not 2000, because it was meant to supplement the 600 passed in december",causal oversimplification
If Kavanaugh is innocent he should be yelling from the hills demanding an investigation by the FBI.,causal oversimplification
"If Dr. Ford *is* lying, then Republicans should be *eager* to get her in front of an FBI interrogator.",causal oversimplification
The government has no right to spilt up your business,appeal to fear
"But every time I bring this point up, GOP_Fanboy just reverts to ""lol who are you to decide who gets paid what communist etc""",Appeal to Ridicule
