Sentence,Label
We cannot be strong militarily when we're teeter-tottering on top of a mountain of debt which has been created in the past eight years.,appeal to fear
"We need a strong, credible, effective nuclear deterrent.",appeal to fear
an enormous burden,appeal to fear
"Americans are angry, they're upset, and they're a little fearful.",appeal to anger
"So we have to have, in my judgment, a drastic simplification of the basic health insurance policies of this country, be very comprehensive for everybody.",appeal to fear
"This is very important. It's a big human problem and a devastating economic problem for America, and I'm going to send a plan to do this within the first 100 days of my presidency. It's terribly important.",appeal to fear
"It costs $20-25 billion a year, and I want to see those outrageous claims capped.",appeal to anger
Till you change it you're gonna be unhappy.,appeal to fear
a sorry little post office that can't do anything right,appeal to ridicule
"And so I favor, strongly favor, term limits.",appeal to positive emotion
"I don't think there are any villains, but, boy, is the system rotten.",appeal to worse problems
a sorry little post office,appeal to ridicule
"I don't think there are any villains, but, boy, is the system rotten",appeal to ridicule
an unequaled record in the history of our country,appeal to ridicule
literally thousands of unnecessary regulations that invade every facet of business,appeal to anger
"It would have destroyed the economy of California, and, I must say, we had the support of Congress when we pointed out how ridiculous this attempt was by the Environmental Protection Agency.",appeal to fear
America needs a new direction.,appeal to worse problems
I think we all know America is going through tough times right now.,appeal to fear
the worst economic crisis,appeal to worse problems
the extraordinary honor,appeal to positive emotion
pork barrel,appeal to ridicule
a catastrophic plan,appeal to fear
be pandering,appeal to ridicule
lopsided,appeal to ridicule
swamping,appeal to worse problems
the deep discouragement of the American people,appeal to fear
"But I do make a pledge that in the next ten days when we're asking the American people to make one of the most important decisions in their lifetime, because I think this election is one of the mast vital in the history of America, that uh - we do together what we can to stimulate voter participation.",appeal to fear
They're going from tyranny to elections.,appeal to worse problems
Join me in the wrong war at the wrong time at the wrong place.,appeal to fear
"We have to let them know that we want to help them, not because we're simply trying to save our own skins, not because we're simply trying to fight Communism; but because we care for them, because we stand for freedom, because if there were no Communism in the world, we would still fight poverty and misery and disease and tyranny.",appeal to positive emotion
Our education is not up to the standards that the American family and the American people want for their children.,appeal to fear
One of the uh - most embarrassing uh - failures,appeal to ridicule
"Well, the D . C .  vs .  Heller decision was very strongly—and she was extremely angry about it .",appeal to anger
"I mean, she was very, very angry when upheld .",appeal to anger
"But Hillary was extremely upset, extremely angry .",appeal to anger
"We are going to appoint justices that will feel very strongly about the Second Amendment, that will not do damage to the Second Amendment .",appeal to fear
The fact of the matter is the plan is so complex that the ordinary American is never going to ever figure out what they even qualify for.,appeal to fear
"That when people own something, they have a stake in the American dream. That is Affirmative Action in America.",appeal to positive emotion
always and only a last resort,appeal to worse problems
"I have seen four wars in my lifetime. I'm a father of sons; I have a grandson. I don't ever want to see another generation of young Americans bleed their lives into sandy beachheads in the Pacific, or rice paddies and jungles in the in Asia or the muddy battlefields of Europe.",appeal to fear
marriage penalty,appeal to fear
they know that people's lives and health are being risked,appeal to fear
insensitive,appeal to ridicule
It is absolutely essential in terms of bringing our banking system and credit system into the new age instead of having it living back in the dark ages. And it's a big fight.,appeal to fear
the little stinky numbers,appeal to ridicule
"This election is about the future of our country, not about personal attacks against one candidate or another.",appeal to worse problems
The US is in deep trouble.,appeal to fear
I think of a woman in Chicago when I was talking to parents about education where she stood up and said I'm sick and tired of these schools in this city being nothing but a factory for failure.,appeal to anger
to fish in troubled waters,appeal to worse problems
"I think it -- that we have a safer nation, but we are a long way from safe.",appeal to fear
We are less respected now than we were eight years ago or even four years ago.,appeal to worse problems
"In the meantime, bin Laden is still out there. He is not captured. He is not killed.",appeal to fear
"And as for singling people out because of race, you know, James Byrd was singled out because of his race in Texas.",appeal to worse problems
"And to make sure our society is as hopeful as it possibly can be, every single child in America must be educated. I mean every child.",appeal to positive emotion
There is nothing more prejudiced than not educating a child.,appeal to worse problems
a catastrophic mistake,appeal to fear
"beyond pitiful, beyond embarrassing, in the zone of dangerous",appeal to ridicule
a slush fund,appeal to ridicule
"I regret to say that the president who called himself a uniter, not a divider, is now presiding over the most divided America in the recent memory of our country.",appeal to worse problems
I've never seen such ideological squabbles in the Congress of the United States. I've never seen members of a party locked out of meetings the way they're locked out today.,appeal to worse problems
My biggest disappointment in Washington is how partisan the town is.,appeal to worse problems
an aggressive brown field program,appeal to fear
We might have no other choice. We'll have to see if that happens.,appeal to fear
pretty well decimated,appeal to ridicule
a good job of stripping out the capacity,appeal to ridicule
"We are supporting them in their efforts and will continue to support them until the Iraqi people rise up and do what the people of Serbia have done in the last few days, get rid of a despot. We'll welcome you back into the family of nations where you belong.",appeal to fear
I know what a hate crime statute pending at the national level is all about in the aftermath of James Byrd's death.,appeal to fear
"That's not wishy-washy, and that's what I'm fighting for, you.",appeal to ridicule
a grave threat,appeal to fear
That's absurd.,appeal to ridicule
Communism is the enemy of all religions; and we who do believe in God must join together.,appeal to fear
The worst thing that I can think can happen in this campaign,appeal to worse problems
"I obviously repudiate the Klan; I repudiate anybody who uses the religious issue; I will not tolerate it, I have ordered all of my people to have nothing to do with it and I say - say to this great audience, whoever may be listening, remember, if you believe in America, if you want America to set the right example to the world, that we cannot have religious or racial prejudice.",appeal to positive emotion
"These kinds of approaches are very dangerous to the security, the well being and the peace of mind of the retired people of this country and those approaching retirement age.",appeal to fear
disgraceful,appeal to ridicule
the deleterious comments,appeal to ridicule
the plague of gun violence,appeal to fear
Tremendous beyond belief.,appeal to positive emotion
"I know it's tough and honest people can disagree. But when a narcotics wrapped up guy goes in and murders a police officer, I think they ought to pay with their life. And I do believe it would be inhibiting.",appeal to anger
"And so I am not going to furlough men like Willie Horton, and I would meet with their, the victims of his last escapade, the rape and the brutalization of the family down there in Maryland.",appeal to fear
"As I've seen abortions sometimes used as a birth control device, for heavens sakes.",appeal to worse problems
complete uh - economic chaos,appeal to fear
those terrible things,appeal to fear
"Beyond that, as far as the gold supply is concerned, and as far as the movement of gold is concerned, uh - we have to bear in mind that we must get more help from our allies abroad in this great venture in which all free men are involved of winning the battle for freedom.",appeal to fear
the battle for freedom,appeal to positive emotion
The United States cannot continue to carry the major share of this burden by itself.,appeal to worse problems
There will be a job-sucking sound going south.,appeal to fear
So this is a serious threat.,appeal to fear
This is dangerous. It isn't just naive; it's dangerous.,appeal to fear
most repressive and brutal regime probably on Earth,appeal to worse problems
the catastrophic cases,appeal to fear
the frivolous lawsuits,appeal to ridicule
"In California, sometime ago, a man beat a woman so savagely that her unborn child was born dead with a fractured skull, and the California State Legislature unanimously passed a law that was signed by the then-Democratic Governor -- signed a law that said that any man who so abuses a pregnant woman that he causes the death of her unborn child shall be charged with murder.",appeal to fear
We're going to have to-the MX. We're going to have to do that. It's Christmas.,appeal to fear
such foolish things,appeal to ridicule
some horrible things,appeal to worse problems
"a terrorist state,",appeal to fear
the number one terror state,appeal to fear
We’re going to have a strong border. We’re going to bring back law and order.,appeal to fear
"Just today, policemen was shot, two killed. And this is happening on a weekly basis.",appeal to fear
"we have a world where you have ISIS chopping off heads, where you have—and, frankly, drowning people in steel cages, where you have wars and horrible, horrible sights all over, where you have so many bad things happening, this is like medieval times.",appeal to fear
horrible sights all over,appeal to fear
this is like medieval times,appeal to worse problems
"We haven’t seen anything like this, the carnage all over the world.And they look and they see.",appeal to fear
I will knock the hell out of ISIS.,appeal to anger
We’re going to defeat ISIS.,appeal to fear
And I will tell you that I’m going to make our country safe.,appeal to fear
"That’s why—to go back to your question—I want to send a message—we all should—to every boy and girl and, indeed, to the entire world that America already is great, but we are great because we are good, and we will respect one another, and we will work with one another, and we will celebrate our diversity.These",appeal to positive emotion
"a disaster education-wise, job-wise, safety-wise, in every way possible",appeal to worse problems
"religion.He never apologized to the distinguished federal judge who was born in Indiana, but Donald said he couldn’t be trusted to be a judge because his parents were, quote, “Mexican.”He never apologized to the reporter that he mimicked and mocked on national television and our children were watching. And he never apologized for the racist lie that President Obama was not born in the United States of America. He owes the president an apology, he owes our country an apology, and he needs to take responsibility for his actions and his words.",appeal to anger
you acid washed,appeal to ridicule
you acid wash them or bleach them,appeal to ridicule
"And it’s a disgrace. And honestly, you ought to be ashamed of yourself.",appeal to ridicule
"Last time at the first debate, we had millions of people fact checking, so I expect we’ll have millions more fact checking, because, you know, it is—it’s just awfully good that someone with the temperament of Donald Trump is not in charge of the law in our country.",appeal to fear
just awfully good,appeal to positive emotion
Because you’d be in jail.,appeal to fear
"But for you to say that there was nothing wrong with you deleting 39,000 e-mails, again, you should be ashamed of yourself.",appeal to ridicule
"And, as a result, America is now bearing this extraordinary burden where we are not as safe as we ought to be.",appeal to fear
voodoo economics,appeal to ridicule
villain,appeal to ridicule
disgrace,appeal to ridicule
"He changes positions on something as fundamental as what you believe in your core, in your heart of hearts, is right in Iraq.",appeal to fear
I have no intention of wilting. I've never wilted in my life. And I've never wavered in my life.,appeal to ridicule
"Again, I can't tell you how big a mistake I think that is, to have bilateral talks with North Korea.",appeal to fear
I resent that comment.,appeal to anger
"They are historic, they are strong, and they are enduring.",appeal to positive emotion
I want everybody to know should I be the president Israel's going to be our friend.,appeal to fear
We don't know whether he's developing weapons of mass destruction.,appeal to fear
He is a danger.,appeal to fear
"The use of diplomacy in this situation has already, well, it goes hour-by-hour and day-by-day now. It's a very tense situation there.",appeal to fear
I want everybody to know should I be the president Israel's going to be our friend. I'm going to stand by Israel.,appeal to fear
We don't know whether he's developing weapons of mass destruction,appeal to fear
fishing in troubled waters,appeal to worse problems
This is the history of dealing with dictators.,appeal to worse problems
Now what do the Chinese Communists want? They don't want just Quemoy and Matsu; they don't want just Formosa; they want the world.,appeal to fear
I will not do anything to affect the rights of hunters or sportsmen.,appeal to fear
"Look, this is the year -- this is in the aftermath of Columbine, and Paducah, and all the places in our country where the nation has been shocked by these weapons in the hands of the wrong people.",appeal to fear
a flood of cheap handguns,appeal to fear
I know I'm ready for it. I think the American people are too.,appeal to fear
"The position of the United States has been that this build-up, in the words of the president, has been foolish.",appeal to ridicule
foolish,appeal to ridicule
"the serious, serious threat",appeal to fear
needs.Our country's in deep trouble.,appeal to fear
I want us to invest in your future.,appeal to positive emotion
a beautiful thing to watch.Companies,appeal to positive emotion
disaster,appeal to fear
the most dangers- dangerously irresponsible recommendations,appeal to fear
cynicism,appeal to ridicule
a brazen fashion,appeal to ridicule
those safe havens,appeal to fear
"First of all, I won't repeat the mistake that I regret enormously, and that is, after we were able to help the Afghan freedom fighters and drive the Russians out of Afghanistan, we basically washed our hands of the region.",appeal to worse problems
enormous problems,appeal to worse problems
a calamitous effect,appeal to fear
"And until we do, Americans here at home are not going to be safe.",appeal to fear
nitpicking,appeal to ridicule
We've graduated 15 million kids from high school in the last few years who can't read at a significant level. They are permanently sentenced to a lifetime of failure.,appeal to fear
crumbling classrooms,appeal to fear
a tremendous life-saving change,appeal to positive emotion
the very disturbing comment,appeal to fear
This ultimate terrorist threat is the most fearsome of all,appeal to fear
a kind of a hypocritical policy,appeal to ridicule
there will be no negotiation with terrorists of any kind,appeal to fear
It’s a disgrace.,appeal to anger
It’s an absolute disgrace.,appeal to anger
an aggressive effort,appeal to anger
"And that's hopeful, and that's positive.",appeal to positive emotion
"I just think trying to be popular, kind of, in the global sense, if it's not in our best interest makes no sense.",appeal to worse problems
a disastrous situation,appeal to worse problems
fuzzy math,appeal to ridicule
phony,appeal to ridicule
the marriage penalty,appeal to fear
disparaging,appeal to ridicule
They've cut it off. They've stopped it. They don't enforce these kinds of things.,appeal to fear
I will fight tooth and nail to pass the minimum wage.,appeal to anger
"You see, we'll never be able to compete in the 21st century unless we have an education system that doesn't quit on children, an education system that raises standards, an education that makes sure there's excellence in every classroom.",appeal to fear
"I don't know how you can govern in this country when you look at New York City and you see that 50 percent of the black males there are unemployed, when you see 40 percent of Hispanic children -- of black children in some cities -- dropping out of high school.",appeal to fear
"And secondly, only a liberal senator from Massachusetts would say that a 49 percent increase in funding for education was not enough.",appeal to ridicule
And I could just not be more opposed to that kind of thinking .,appeal to worse problems
"Well, I think it's terrible .",appeal to ridicule
And that's not acceptable .,appeal to anger
And using that kind of scare rhetoric is just terribly unfortunate .,appeal to ridicule
"One of the things the next president must do is to remind people that if we are going to have a responsible period in America, that each of us must love our children with all our heart and all our soul.",appeal to positive emotion
"My message to our troops is, ""Thank you for what you're doing. We're standing with you strong. We'll give you all the equipment you need. And we'll get you home as soon as the mission's done, because this is a vital mission.""",appeal to positive emotion
these extraordinarily difficult missions,appeal to ridicule
That's totally absurd.,appeal to ridicule
He called them coerced and the bribed.,appeal to ridicule
"The biggest tax increase in history. The biggest crime increase in history, the biggest drug increase in history in Arkansas.",appeal to fear
You're spending millions and millions of dollars in negative ads frightening senior citizens.,appeal to fear
"So I rolled the dice, I put my career on the line because I really believe the future of America is on the line.",appeal to fear
"Republicans talk about it, but we're the first the first administration in anybody's lifetime looking at this program to bring that deficit down four years in a row.",appeal to ridicule
the tremendous talents that our people have,appeal to positive emotion
"But you're absolutely correct, it is a threat, it's a huge threat.",appeal to fear
We were safer before President Bush came to office. Now they have the bombs and we're less safe.,appeal to fear
"And we have to be sure that Muslims come in and report when they see something going on. When they see hatred going on, they have to report it.As",appeal to fear
"many people saw the bombs all over the apartment of the two people that killed 14 and wounded many, many people. Horribly wounded. They’ll never be the same.",appeal to fear
Look at that horrible—these are radical Islamic terrorists.And,appeal to fear
radical Islamic terrorists.And,appeal to fear
“radical Islamic terrorism.”,appeal to fear
dark things said about Muslims,appeal to fear
the kind of demagogic rhetoric,appeal to ridicule
We need American Muslims to be part of our eyes and ears on our front lines.,appeal to fear
violent jihadist terrorists.We,appeal to fear
extreme vetting,appeal to fear
this catastrophic war,appeal to fear
"If wind, water or fire destroyed them, we built them again.",appeal to worse problems
"The living Americans today have fought harder, paid a higher price for freedom, and done more to advance the dignity of man than any people who ever lived on this earth.",appeal to ridicule
"But what is absolutely true is that, once we get through this economic crisis and some of the specific proposals to get us out of this slump, that we're not going to be able to go back to our profligate ways.",appeal to fear
That's not the way we cut -- we'll cut out all the pork.,appeal to ridicule
"Now, look, Americans are hurting tonight and they're angry and I understand that, and they want a new direction.",appeal to anger
"I never, ever conceived of such a thing. I never said any such thing.",appeal to ridicule
who threatens the peace? Who threatens freedom in the world?,appeal to fear
we found that six hundred million people went behind the Iron Curtain,appeal to fear
"When you are proud and confident of your strength, you do not get down to the level of Mr. Khrushchev and his colleagues.",appeal to ridicule
the greatest failure,appeal to worse problems
"It's going to be a big, big opportunity for a lot of people.",appeal to positive emotion
Some schools aren't safe. Some schools aren't even safe. Your choice is nothing.,appeal to fear
"And you know this liberal charge, that's what their party always drags out when they get in a tight race. It's sort of their golden oldie, you know.",appeal to ridicule
"I see people in my state, middle class people -- their taxes have gone up in Washington and their services have gone down while the wealthy have gotten tax cuts.",appeal to anger
We were threatened by a veto if we passed a dollar and a quarter,appeal to fear
"The United States must be a nation strong; the United States must be a nation secure. We must have a society that's just and fair. And we must extend the benefits of our own commitment to peace, to create a peaceful world.",appeal to positive emotion
"It's a lonely job, but with the involvement of the American people in the process, with an open Government, the job is a very gratifying one.",appeal to positive emotion
"I would like to have a crusade today, and I would like to lead that crusade with your help. And it would be one to take Government off the backs of the great people of this country, and turn you loose again to do those things that I know you can do so well, because you did them and made this country great.",appeal to positive emotion
I believe it was a failure of presidential leadership not to reauthorize the assault weapons ban.,appeal to worse problems
"I was hunting in Iowa last year with a sheriff from one of the counties there, and he pointed to a house in back of us, and said, ""See the house over? We just did a drug bust a week earlier, and the guy we arrested had an AK-47 lying on the bed right beside him. """,appeal to fear
the old-boy network and the cronyism,appeal to ridicule
this cockamamie idea,appeal to ridicule
"And the last president of the United States that tried that was Herbert Hoover, and we went from a deep recession into a depression.",appeal to worse problems
"And the -- the worst symptom on this disease is what my friend, Tom Coburn, calls earmarking as a gateway drug, because it's a gateway.",appeal to worse problems
out-of-control spending and corruption,appeal to fear
And we have former members of Congress now residing in federal prison because of the evils of this earmarking and pork-barrel spending.,appeal to worse problems
"And when you look at your tax policies that are directed primarily at those who are doing well, and you are neglecting people who are really struggling right now, I think that is a continuation of the last eight years, and we can't afford another four.",appeal to fear
"look at them, my friends. Look at them. You'll be appalled.",appeal to fear
wasteful and earmark spending,appeal to ridicule
unnecessary and wasteful spending,appeal to worse problems
orgy of spending and enormous deficits,appeal to fear
President Clinton stopped them dead in their tracks.,appeal to fear
"The only thing, Jim, they have to offer is fear.",appeal to fear
overly litigated economy,appeal to worse problems
And to call a businessman or woman who sits down and has a chance to express his or her interest in how to make these laws work and call them a polluter is just outrageous.,appeal to ridicule
They want them to be able to drink clean water and breathe clean air. They don't want them to live next to toxic waste sites.,appeal to fear
That is a reign of terror. It's happening.,appeal to fear
"He twisted arms and got six Democrats to vote the other way, but we lost by one vote.",appeal to anger
"pigs, slobs and dogs",appeal to ridicule
the most agonizing decisions,appeal to fear
"But if there's one thing we also understand it is that you cannot make concessions to terrorists, ever, ever.",appeal to fear
"one of the most tragic, one of the most mistaken foreign policy decisions we've ever made in this country",appeal to fear
"So, there can be no concessions under any circumstances, because if we do it's an open invitation to others to do the same.",appeal to fear
It was ignored in that case and it was a very very serious mistake in judgment.,appeal to worse problems
"Absolutely. I mean, she calls our people deplorable, a large group, and irredeemable.",appeal to anger
the greatest disaster trade deal,appeal to ridicule
It is a disaster.,appeal to fear
The education is a disaster. Jobs are essentially nonexistent.I,appeal to worse problems
"It’s with him and with the hateful and divisive campaign that he has run, and the inciting of violence at his rallies, and the very brutal kinds of comments about not just women, but all Americans, all kinds of Americans.And what he has said about African-Americans and Latinos, about Muslims, about POWs, about immigrants, about people with disabilities, he’s never apologized for.",appeal to anger
the hateful and divisive campaign,appeal to anger
the inciting of violence,appeal to fear
the very brutal kinds of comments,appeal to ridicule
It is—our country has the slowest growth and jobs are a disaster.,appeal to fear
ridiculous,appeal to ridicule
shameful,appeal to ridicule
I would not leave this country go undefended.,appeal to fear
boondoggle,appeal to ridicule
"We've lost in our foreign policy, the character of the American people.",appeal to worse problems
it was disastrous,appeal to worse problems
"The future of things that matter to you -- in terms of civil rights, what kind of Justice Department you'll have, whether we'll enforce the law. Will we have equal opportunity? Will women's rights be protected? Will we have equal pay for women, which is going backwards? Will a woman's right to choose be protected?",appeal to fear
"the very important, very strong program of enforcement",appeal to fear
"a very, very bad message",appeal to worse problems
Keep my promises to the American people.,appeal to positive emotion
"It looks like a bombed-out city - great, gaunt skeletons of buildings. Windows smashed out, painted on one of them ""Unkept promises;"" on another, ""Despair.""",appeal to fear
It's a bully pulpit.,appeal to ridicule
"But as governor, when I was at that end of the line and receiving some of these grants for Government programs, I saw that so many of them were dead-end.",appeal to worse problems
a very great insensitivity,appeal to ridicule
the world's greatest democratic free-enterprise system,appeal to positive emotion
Drop dead. Drop dead.,appeal to ridicule
It is extremely risky.,appeal to fear
"Before I answer that, Jim, let me just say it is disgraceful, the campaign being waged to scare the American senior citizens, in this state and my home state of, well, New York and California, about Medicare.",appeal to fear
"A commission is fine, but a commission would not do any good if we adopted this risky $550-billion tax scheme. The word ""scary"" has been used.",appeal to fear
much harsher language,appeal to anger
We have gone from the biggest deficits eight years ago to the biggest surpluses in history today.,appeal to worse problems
There's too much bitterness in Washington. There's too much wrangling.,appeal to anger
"But if you're a younger worker, if you're younger, you better hope this country thinks differently, otherwise you're gonna be faced with huge payroll taxes or reduced benefits.",appeal to fear
"Now, finally, if you can't pay the bills you're dead in the water.",appeal to fear
"In 1974, we had the worst recession, the deepest and most penetrating recession since the Second World War.",appeal to worse problems
dangerous,appeal to fear
accused,appeal to ridicule
"Governor Reagan's proposal, the Reagan-Kemp-Roth proposal, is one of the most highly inflationary ideas that ever has been presented to the American public.",appeal to fear
this ridiculous proposal,appeal to ridicule
a heartless kind of approach,appeal to ridicule
"And that's why the plan that I've put forward for manufacturing and education, and reducing our deficit in a sensible way, using the savings from ending wars, to rebuild America and putting people back to work.",appeal to positive emotion
This issue is an issue that divides Americans deeply.,appeal to worse problems
another one of her disasters,appeal to ridicule
a total mess,appeal to ridicule
choking,appeal to fear
That's why we're losing—we're losing—we lose on everything.,appeal to fear
"We've seen, in this world, a development of a tremendous threat to us.",appeal to fear
I also - know that as far as the human beings on this earth are concerned that the nonproliferation of atomic weapons is number one.,appeal to fear
I'm talking about a national mood.,appeal to fear
foisted upon it in an election year or any other time,appeal to worse problems
a phony interest rate,appeal to ridicule
And what that’s going to do is a disaster for the country.,appeal to fear
a national catastrophe,appeal to fear
And it is sort of amusing to hear somebody who hasn’t paid federal income taxes in maybe 20 years talking about what he’s going to do.But,appeal to ridicule
"And I think it’s been unfortunate, but it’s happened, that since the Great Recession, the gains have all gone to the top.",appeal to worse problems
Because she has been a disaster as a senator. A disaster.,appeal to ridicule
"We are a government by the people, and when we move, it should be for very severe and extreme reasons that serve our national interests and end up with a stronger country behind us. It is only in that way that we can persevere.",appeal to fear
"I will never send troops anywhere on a mission of that kind without telling them that if somebody shoots at them, they can darn well shoot back.",appeal to anger
"We are going to, as I say, we're busy trying to find the centers where these operations stem from, and retaliation will be taken.",appeal to fear
And the reason they blame Russia because they think they’re trying to tarnish me with Russia.,appeal to ridicule
It is such an assault on the basic promise that America makes that the law will treat individuals as individuals regardless of their status.,appeal to fear
"I have a few African-American friends who have gone through this horror and, you know, it makes me want to kind of hit the wall because it's such an assault on their humanity and their citizenship. We can't tolerate it anymore.",appeal to anger
It is unAmerican,appeal to ridicule
"I had a friend a while ago who works in the government, works at the White House, African-American, stopped, surrounded by police for no other cause that anyone can determine than the color of his skin. That can't be in America anymore.",appeal to fear
a careless way in a belligerent attitude which has exemplified his attitudes in the past,appeal to anger
mischievous men,appeal to ridicule
This country should not be torn asunder over this debate,appeal to fear
"But even worse than that, as ugly as that might be -- and I know it's a tragedy to many people both on the pro-choice and pro-life position -- we have a President who vetoed a congressional ban on the ugly and gruesome practice of snatching life away from a child just moments before he or she enters the world. That is unacceptable.",appeal to worse problems
the ugly and gruesome practice,appeal to ridicule
We will never allow a woman's right to choose to be taken away.,appeal to fear
gruesome practice,appeal to fear
I'm proud of the fact that America is stronger and more prosperous and more secure than we were four years ago.,appeal to positive emotion
"Folks, we can build that bridge to the 21st Century, big enough and strong enough for all of us to walk across, and I hope you will help me build it.",appeal to positive emotion
"You're not going to have the opportunities; there are going to be more deficits, more drugs, more crime, and less confidence in the American people.",appeal to fear
"I believe America's best days are ahead of us because I believe that the future belongs to freedom, not to fear.  That's the country that I'm going to fight for.",appeal to fear
embarrassment,appeal to ridicule
a bluffing statement,appeal to ridicule
frivolous,appeal to ridicule
You are robbing the American people of their savings.,appeal to fear
"And so I'm very proud of the way that came about and I think it's a very, very good beginning.",appeal to positive emotion
these deadly tenements,appeal to fear
This is not mud slinging. This is fact slinging -- a bill earlier this year.,appeal to ridicule
But I support the death penalty in the most heinous cases.,appeal to worse problems
"And when I'm president, we're going to shut that loophole in a nanosecond and we're going to use that money to lower corporate tax rates in America for all corporations, 5 percent.",appeal to fear
I violently disagree with your assessment.,appeal to anger
"With all due respect to President Ford, I think he ought to be ashamed of mentioning that statement, because we have the highest unemployment rate now than we had at any time between the Great Depression caused by Herbert Hoover and the time President Ford took office.",appeal to worse problems
That is a very serious indictment of this administration. It's probably the worst one of all.,appeal to worse problems
"a great, unbelievable Constitution",appeal to positive emotion
"tremendous courage, vision, wisdom, and leadership",appeal to positive emotion
"To think that Sam Nunn of Georgia or Colin Powell helped put together the coalition in the Persian Gulf were not even consulted. It was not only precipitous, it was a sign, not of strength, but of weakness.",appeal to ridicule
The American people had lost faith and trust and confidence in the presidency itself.,appeal to fear
"The American people are healed, are working together.",appeal to positive emotion
"Our tax structure is a disgrace, it needs to be reformed.",appeal to anger
a horrible mess,appeal to ridicule
"I believe that if we are inspired, if we can achieve a degree of unity, if we can set our goals high enough and work toward recognized goals with industry and labor and agriculture along with government at all levels, then we can achieve great things.",appeal to positive emotion
It will be a huge down payment for a pretty darn good system.,appeal to ridicule
"And my case to the American people is, if you're happy with inactivity, stay with the horse.",appeal to fear
"down.We are in a big, fat, ugly bubble.",appeal to fear
ripped off,appeal to ridicule
"Donald. I've met dishwashers, painters, architects, glass installers, marble installers, drapery installers, like my dad was, who you refused to pay when they finished the work that you asked them to do.We",appeal to anger
this isn't just a Southern problem; it's a Northern problem and a Western problem; it's a problem for all of us.,appeal to worse problems
"Well, first of all, she wants to give amnesty, which is a disaster and very unfair to all of the people that are waiting on line for many, many years .",appeal to worse problems
Drugs are pouring in through the border .,appeal to fear
It's just pouring and destroying their youth .  It's poisoning the blood of their youth and plenty of other people .,appeal to fear
"some bad, bad people",appeal to ridicule
"The NAFTA deal signed by her husband is one of the worst deals ever made of any kind, signed by anybody .  It's a disaster .",appeal to worse problems
We've never had anything like this happen in any of our elections before .,appeal to worse problems
"How can they continue to watch Israeli children killed by suicide bombers, killed by terrorists?",appeal to fear
"And it's important for America to confront the situation in Iran, because Iran is an enormous threat to Israel and to the Israeli people.",appeal to fear
"I think if you raise taxes during a recession, you head to depression.",appeal to fear
We've got battling green eye shades.,appeal to ridicule
It will come from the pockets of the people,appeal to fear
It will come from the pockets of the people who are living in those very areas.,appeal to fear
"And if Iraq were to fail, it'd be a haven for terrorists, and there would be money and the world would be much more dangerous.",appeal to fear
terrorist safe havens,appeal to fear
"These terrorists are serious, they're deadly, and they know nothing except trying to kill.",appeal to fear
"But yes, I'm worried. I'm worried. I'm worried about our country.",appeal to fear
"Now, we're now kidding anybody, Mr. President. These are sophisticated people watching tonight. Millions and millions of Americans.",appeal to ridicule
"But we turned it over to a maniacal fanatic who has slaughtered thousands and thousands of people, calling it executions.",appeal to fear
"And I think that we're better off, for example with the Philippines, of trying to retain our friendship and help them right the wrongs we see, rather than throwing them to the wolves and then facing a Communist power in the Pacific.",appeal to fear
the bloodiest century in mankind's history,appeal to fear
"We have defeated in this system of ours fascism, Nazism, communism, socialism is defunct or debunked around the world, the evil of apartheid has ended.",appeal to worse problems
Families are under tremendous pressure. People do not -- do not feel safe in their homes. A mother doesn't feel safe sending her child to school. Our schools are not educating.,appeal to fear
this terrible century of war and recession and inflations,appeal to worse problems
"We need somebody who understands the potential of the American people, who are not just doing well for ourselves, we need to do well for the rest of the world, because they're looking at us.",appeal to fear
a serious risk,appeal to fear
Obamacare is a disaster. You know it. We all know it.,appeal to worse problems
It’s catastrophic,appeal to fear
Obamacare is a total disaster.,appeal to worse problems
"It is a disastrous plan, and it has to be repealed and replaced.",appeal to fear
"The D.C. school system is in terrible shape, and it has been for a very long time.",appeal to worse problems
a disgrace to this country,appeal to ridicule
"But I want to warn my fellow citizens: The cost of doing nothing, the cost of saying the current system is OK, far exceeds the costs of trying to make sure we save the system for our children.",appeal to fear
"Now, my fellow Americans, that's an invitation to disaster.",appeal to fear
The fact is that the president is driving the largest deficits in American history.,appeal to worse problems
"And this is the first president in 72 years to preside over an economy in America that has lost jobs, 1. 6 million jobs.  Eleven other presidents -- six Democrats and five Republicans -- had wars, had recessions, had great difficulties; none of them lost jobs the way this president has.",appeal to worse problems
"He just doesn't understand how the borders work, evidently, to say that. That is an outrageous claim.",appeal to ridicule
an aggressive program,appeal to fear
trickle-down economics,appeal to worse problems
It is a bad economy. It's a tough economy.,appeal to worse problems
That is absolutely outrageous.,appeal to anger
That's just totally ridiculous.,appeal to ridicule
"We went through this tragic experience leading to World War II. We learned our lesson again in Korea, We must not learn it again.",appeal to fear
That a lot of your good friends like Bill Bennett and others of us who had admired your firmness of purpose over the years have felt that you're not quite the crusader for that cause that you once were.,appeal to worse problems
very distasteful,appeal to ridicule
"Will it be a nightmare world threatened with the proliferation of atomic bombs, not just in five major countries but dozens of smaller countries that have been permitted to develop atomic weapons because of a failure of our top leadership to stop proliferation? Will we have a world of hunger and - and hatred, and will we be living in an armed camp stripped of our friendship and allies hiding behind a tight defense that's been drawn in around us because we are fearful of the outside world?",appeal to fear
"We have the strongest military, and I'll do whatever is necessary, if I'm president, to make sure that it stays that way.",appeal to fear
"I think that one of the problems that we have faced in the world is that we are so much more powerful than any single nation has been in relationship to the rest of the world than at any time in history, that I know about, anyway.",appeal to worse problems
"You know, in the last, or two decades ago, it was routine for leaders of foreign countries to come over here and say you guys have got to do something about these horrendous deficits because it's causing tremendous problems for the rest of the world, and we were lectured to all the time.",appeal to ridicule
a brutal practice,appeal to fear
an absolute disgrace,appeal to ridicule
a disgrace,appeal to ridicule
"I think it will depend in great measure upon what we do here in the United States, on the kind of society that we build, on the kind of strength that we maintain",appeal to fear
they are important and dangerous now because they are mounting a major effort within their own country,appeal to fear
"The kind of country we have here, the kind of society we have, the kind of strength we build in the United States will be the defense of freedom",appeal to fear
I am not satisfied as an American with the progress that we're making,appeal to worse problems
"This is a great country, but I think it could be a greater country",appeal to worse problems
"this is a powerful country, but I think it could be a more powerful country",appeal to worse problems
I think that's the only way that the United States is going to maintain its freedom,appeal to fear
I want people in Latin America and Africa and Asia to start to look to America,appeal to worse problems
deadly competition,appeal to fear
And in our country we have evolved to a point where we've put millions of innocent people in jail because you go to the poor neighborhoods and they've put bars on their windows and bars on their doors and put themselves in jail to protect the things that they acquired legitimately.,appeal to ridicule
But don't just sit here slow dancing for 4 years doing nothing.,appeal to fear
more crude available,appeal to worse problems
But I'll never fail to protect the United States of America.,appeal to fear
"let me sharply disagree with the President on sharing the most advanced, the most dangerous, the most important technology in America with the Soviet Union.",appeal to fear
"And the thought that we would share this with the Soviet Union is, in my opinion, a total non-STARTer.",appeal to ridicule
"The most dangerous aspect of this proposal is, for the first time, we would delegate to computers the decision as to whether to start a war. That's dead wrong.",appeal to fear
this ever-rising arms race madness,appeal to fear
"And we will be better off, far better off, if we stop right now, because we have more to lose in space then they do.",appeal to fear
"This is a group of killers who will not only kill here, but kill children in Russia, that'll attack unmercifully in Iraq, hoping to shake our will.",appeal to fear
"This president has made, I regret to say, a colossal error of judgment.",appeal to ridicule
Somebody called that stubborn.,appeal to ridicule
And now our kids are being killed with ammos right out of that dump,appeal to fear
"The administration, seems like we're having a great love fest tonight, but the administration made the right decision on training Nigerian troops for situations just such as this in Rwanda, and so I thought they made the right decision not to send U.S. troops into Rwanda.",appeal to positive emotion
"But if you have a situation like that right in our backyard with chaos about to break out and flotillas forming to come across the water, and all kinds of violence there, right in one of our neighboring countries there, then I think that we did the right thing there.",appeal to fear
"I think a lot of times we just spend aid and say we feel better about it and it ends up being spent the wrong way, and there's some pretty egregious examples recently.",appeal to worse problems
I thought the President did the right thing with Mexico and was very strongly supportive of the administration in Mexico.,appeal to positive emotion
"Are we going to step up to the plate as a nation the way we did after World War II, the way that generation of heroes said okay, the United States is going to be the leader. And the world benefitted tremendously from the courage that they showed in those post-war years.",appeal to fear
the ugly American,appeal to ridicule
"We know freedom is a powerful, powerful, powerful force, much bigger than the United States of America, as we saw recently in the Balkans.",appeal to ridicule
a disturbing pattern in the attitude of Governor Reagan,appeal to fear
"an irresponsible statement, or, maybe, an ill-advised statement",appeal to ridicule
"But when a man who hopes to be President says, take this treaty, discard it, do not vote, do not debate, do not explore the issues, do not finally capitalize on this long negotiation - that is a very dangerous and disturbing thing.",appeal to fear
some very misleading and disturbing statements,appeal to fear
It would be very disturbing to American people.,appeal to fear
"And it would also be very disturbing to our allies, all of whom support this nuclear arms treaty.",appeal to fear
extremely dangerous and belligerent,appeal to fear
You know the Japanese are breathing down our necks on this.,appeal to fear
"we have the worst slums, that we have the most crowded schools; when he says that seventeen million people go to bed hungry every night",appeal to worse problems
the worst slums,appeal to worse problems
he's been wrong - dead wrong,appeal to ridicule
a ridiculous thing,appeal to ridicule
Franklin Roosevelt said in 1936 that that generation of Americans had a rendezvous with destiny.,appeal to positive emotion
I believe in 1960 and sixty-one and two and three we have a rendezvous with destiny.,appeal to positive emotion
slum clearance,appeal to worse problems
a splendid example,appeal to ridicule
"And I have said again and again and again let's get off mud wrestling, let's get off personalities and let's talk about jobs, health care, crime, the things that concern the American people.",appeal to worse problems
"You know, nobody likes who shot John, but I think the first negative campaign run in this election was by Governor Clinton, and I'm not going to sit there and be a punching bag; I'm going to stand up and say, hey, listen, here's my side of it.",appeal to anger
"My argument with Governor Clinton -- you can call it mud wrestling, but I think it's fair to put it in focus is -- I am deeply troubled by someone who demonstrates and organizes demonstration in a foreign land when his country's at war.",appeal to fear
But the big argument I have with the governor on this is this taking different positions on different issues -- trying to be one thing to one person here that's opposing the NAFTA agreement and then for it -- what we call waffling. And I do think that you can't turn the White House into the Waffle House.,appeal to ridicule
I've been disturbed by the tone and the tenor of this campaign.,appeal to fear
"Our country is so, so—it's just so imperative that we have the right justices.",appeal to fear
"some very, very inappropriate statements",appeal to ridicule
But thank goodness we've always had enough people who have been willing in every generation to push past the fear of a broken heart and become deeply involved in forming a more perfect union.,appeal to positive emotion
And we can renew and rekindle the American spirit and make our future what our founders dreamed it could be. We can.,appeal to positive emotion
"A lot of people are sick and tired of the bitterness in Washington, D.C. and therefore they don't want any part of politics.",appeal to worse problems
think it's a cynicism in Washington and it doesn't have to be that way.,appeal to anger
"Russia is still very unstable; they could go back to square one, and worse.",appeal to fear
It's very unfair to the average taxpayer who pays his taxes and pays them on time to permit these monies to go uncollected.,appeal to anger
"We've had enough of that, ladies and gentlemen.",appeal to ridicule
But we've got to keep going forward without killing off the engine and throwing people out of work.,appeal to fear
the single most important public health crisis,appeal to fear
single most important public health emergency we've had in our lifetimes,appeal to fear
I believe that many of the things they have done are evil in any concept of morality that we have.,appeal to worse problems
"The Soviet Union has been engaged in the biggest military buildup in the history of man at the same time that we tried the policy of unilateral disarmament, of weakness, if you will.",appeal to fear
a tough and a ruthless adversary,appeal to fear
And he has a record of weakness with regard to our national defense that is second to none.,appeal to fear
The plane wasn't flying the way it was supposed to be; it was a waste of money.,appeal to worse problems
outrageous,appeal to anger
"I believe America's best days are ahead of us. I'm an optimist, but we have to make the right choices, to be fiscally responsible and to create the new jobs of the future.",appeal to positive emotion
The 9/11 Commission put out a report that said America is safer but not yet safe.,appeal to fear
The great threat to our country is that these haters end up with weapons of mass destruction.,appeal to fear
brutal,appeal to anger
"It's like if you looked at the -- it's the equivalent of the buggy and horse days, compared to other industries here in America.",appeal to worse problems
"Once again, the president is misleading America.",appeal to anger
So the president's wrong.,appeal to ridicule
"And every day that goes by, we see the results of the regime by Assad in partnership with the Iranians on the ground, the Russians in the air, bombarding places, in particular Aleppo, where there are hundreds of thousands of people, probably about 250,000 still left.",appeal to fear
It was a disaster.,appeal to worse problems
the stupidity of our foreign policy,appeal to ridicule
"Why can’t they do it quietly? Why can’t they do the attack, make it a sneak attack, and after the attack is made, inform the American public that we’ve knocked out the leaders, we’ve had a tremendous success?",appeal to fear
How stupid is our country?,appeal to ridicule
"I'm for getting rid of the death tax, completely getting rid of the death tax.",appeal to ridicule
"And the vast majority of all family businesses would be completely exempt, and all of the others would have sharply reduced.",appeal to worse problems
Medi-scare,appeal to fear
squabbling and finger pointing,appeal to ridicule
"Because in this critical year - period of the sixties we've got to move forward, all Americans must move forward together, and we have to get the greatest cooperation possible between labor and management.",appeal to fear
the same kind of woolly thinking,appeal to ridicule
One out of almost two children in Cleveland are now living in poverty.,appeal to fear
People are fed up. They've had enough with the bickering and the partisanship that seems to characterize the debate that goes on in the nation's capital.,appeal to anger
so tremendously impressed,appeal to positive emotion
the finger of blame looking for scapegoats,appeal to ridicule
The fact is the Medicare problems have not been addressed. We have had eight years of problems with prescription drugs not being addressed. Social Security problem  's not been addressed. The educational problem has not been addressed. We  've had eight years of talk but no action.,appeal to worse problems
"He cut if off, sort of arbitrarily.",appeal to ridicule
Osama bin Laden uses the invasion of Iraq in order to go out to people and say that America has declared war on Islam.,appeal to fear
The only thing consistent about my opponent's position is that he's been inconsistent.,appeal to ridicule
"I disagree, strongly disagree with that.",appeal to anger
"Now, Prime Minister Allawi came here, and he said the terrorists are pouring over the border. That's Allawi's assessment.",appeal to fear
"The national intelligence assessment that was given to the president in July said, best-case scenario, more of the same of what we see today; worst-case scenario, civil war.",appeal to fear
"And secondly, to think that another round of resolutions would have caused Saddam Hussein to disarm, disclose, is ludicrous, in my judgment.",appeal to ridicule
I would rather see us reduce the consumption of imported oil than have to send American boys to fight in the Persian Gulf.,appeal to fear
a heroic and brave and very outstanding leader of the military,appeal to positive emotion
"Our health-care system is the envy of the world because we believe in making sure that the decisions are made by doctors and patients, not by officials in the nation's capital.",appeal to ridicule
"Americans are hurting right now, and they're angry. They're hurting, and they're angry.",appeal to anger
"They're innocent victims of greed and excess on Wall Street and as well as Washington, D.C. And they're angry, and they have every reason to be angry.",appeal to anger
the worst financial crisis,appeal to worse problems
"We need to cut the business tax rate in America. We need to encourage business.  Now, of all times in America, we need to cut people's taxes. We need to encourage business, create jobs, not spread the wealth around.",appeal to fear
"Now, that's a certain passion that in my view it's misguided passion.",appeal to ridicule
"I don't think there's any question about that, and I resent it. I resent it.",appeal to anger
We need to battle them overseas so we don't have to battle them here at home.,appeal to fear
He is responsible for most of the major car bombings that have killed or maimed thousands of people.,appeal to fear
He's the one you will see on the evening news beheading hostages.,appeal to fear
"Civility, responsibility, racial reconciliation, healing the wounds of our country has to be one of the greatest, most singularly important goals for this country here on the edge of the 21st Century.",appeal to positive emotion
The biggest threat we faced today is the possibility of terrorists smuggling a nuclear weapon or a biological agent into one of our own cities and threatening the lives of hundreds of thousands of Americans.,appeal to fear
this is the man who masterminded the greatest mass murder and terrorist attack in American history.,appeal to fear
"And the point is that that's the place where you're most likely to see the terrorists come together with weapons of mass destruction, the deadly technologies that Saddam Hussein had developed and used over the years.",appeal to fear
the deadly technologies,appeal to fear
this rosy scenario,appeal to positive emotion
They're more dangerous today than they were four years ago.,appeal to fear
"This vice president has been an advocate for over a decade for lifting sanctions against Iran, the largest state sponsor of terrorism on the planet.",appeal to fear
dead wrong,appeal to ridicule
President Bush has taken -- he's the only president in history to do this. He's also the only president in 72 years to lose jobs -- 1. 6 million jobs lost. He's the only president to have incomes of families go down for the last three years; the only president to see exports go down; the only president to see the lowest level of business investment in our country as it is today.,appeal to worse problems
This president has never once vetoed one bill; the first president in a hundred years not to do that.,appeal to worse problems
What I will do as president is make sure it's more attractive to come to America again.,appeal to positive emotion
"I want to make America the most attractive place in the world for entrepreneurs, for small business, for big business, to invest and grow in America.",appeal to positive emotion
"First of all, remember that in this campaign season, since Senator Dole's been a candidate, he has bragged about the fact that he voted against Medicare in the beginning, in 1965, one of only 12 members.",appeal to ridicule
But it was simply wrong to finance their last scheme to cut Medicare $270 billion to run the risk of it withering on the vine.,appeal to fear
"When the recession came they were like a deer caught in the headlights -- paralyzed into inaction, blinded to the suffering and pain of bankruptcies and people who were unemployed.",appeal to fear
America is the mockery of the world.,appeal to ridicule
"Thirdly, in Bosnia it's a virtual miracle that there has been no return to war and at least there has now been an election.",appeal to worse problems
"We provide the leadership and we're going to have to continue to provide the leadership, but let's do it on our terms when our interests are involved and not when somebody blows the whistle at the United Nations.",appeal to fear
"I believe the United States is at peace tonight in part because of the disciplined, careful, effective deployment of our military resources.",appeal to fear
Most people want to see their own doctor. They're going to see their own doctor when Bob Dole is president. We won't threaten anybody.,appeal to fear
"this massive, massive takeover by the Federal government",appeal to fear
withering on the vine,appeal to worse problems
Why I disagree with the MX is that it's a sitting duck.,appeal to ridicule
this arms madness,appeal to fear
"Now when I heard George Bush say at the convention in Houston, that when he heard the phrase ""we won the Cold War,"" it made him wonder who the ""we"" was. Well, I want to tell you, President Bush, the ""we"" is the people of the US of America.",appeal to anger
the most deadly issue of our times,appeal to fear
"It's taken months and months and months to get Mr. Bush and the administration to support that legislation, and they're still resisting.",appeal to anger
"These programs have been cut and slashed and butchered, and they've hurt kids all over this country.",appeal to fear
"82,000 Arizonians lost their health insurance under President Bush's watch.",appeal to fear
This president has turned his back on the wellness of America.,appeal to fear
"If every family in America signed up, like the senator suggested, if would cost us $5 trillion over 10 years.  It's an empty promise. It's called bait and switch.",appeal to fear
"But in the final analysis-in the final analysis, the person goes into that voting booth, they're going to say, â‰¥Who has the values I believe in? Who has the experience that we trust? Who has the integrity and stability to get the job done?â‰¤ My fellow Americans, I am that man and I ask for your support.",appeal to positive emotion
That's dangerous and it's provocative.,appeal to fear
We have dramatically increased control and enforcement at the border.,appeal to fear
"I think the greatest possibilities of our country, our dreams and our hopes, are out there just waiting for us to grab onto them.",appeal to positive emotion
"But I will promise you this with all the confidence in my heart and in the world, that I will do my best if I'm elected president, I'll work my heart out to get the big things right for the American people.",appeal to positive emotion
That is a very happy ending to a terrible story. It's the end of a reign of terror.,appeal to positive emotion
It's the end of a reign of terror.,appeal to fear
reign of terror,appeal to fear
I think this is an opportunity for the United States to test President Putin of Russia.,appeal to fear
That is morally and socially unacceptable in a modern day economy.,appeal to worse problems
We're treading water. We have families that are hurting. We have people who are unemployed. We have people with no property. We have an administration that is demolishing public housing in our inner cities and not providing anything else but more public housing.,appeal to fear
such a sketchy deal,appeal to fear
"That is a legitimate concern, this is a very important area.",appeal to fear
"And that will always be the case as long as the Communists are on the international scene, in the aggressive tac- uh - tendencies that they presently are following.",appeal to fear
an offensive for the minds and hearts and souls of men,appeal to fear
"It's ironic that there are now -- there is now a smaller percentage of the voters made up of parents with children than ever in American history because of the aging of our population, but at the same time we've got the largest generation of students in public schools ever.",appeal to worse problems
horrible disease,appeal to fear
"we’ll have another 200,000 Americans dead by the time",appeal to fear
"dark winter, a dark winter",appeal to fear
horrible,appeal to ridicule
"People are losing their jobs, they’re committing suicide. There’s depression, alcohol, drugs at a level that nobody’s ever seen before. There’s abuse, tremendous abuse.",appeal to fear
"not that many of you are going to die, so don’t worry about it.",appeal to ridicule
They’re the red states.,appeal to ridicule
"They are the states in the Midwest, they are the states in the upper Midwest, that’s where the spike is occurring significantly, but they’re all Americans.",appeal to worse problems
"we have to protect our seniors, we have to protect our elderly, we have to protect, especially, our seniors with heart problems and diabetes problems, and we will protect them.",appeal to fear
I get treated worse than the Tea Party got treated,appeal to worse problems
"one, single, solitary thing was out of line",appeal to ridicule
"You’re sitting at the kitchen table this morning deciding, well, we can’t get new tires, they’re bald, because we have to wait another month or so. Or are we going to be able to pay the mortgage? Who’s going to tell her, she can’t go back to community college?",appeal to fear
thug,appeal to ridicule
very liberal people that cried in my office–they cried in the Oval Office.,appeal to ridicule
pure drug offense,appeal to fear
That’s why so many people in my state were dying and getting cancer,appeal to fear
Will you remember that Texas? Will you remember that Pennsylvania? Oklahoma? Ohio?,appeal to fear
He will kill it.,appeal to fear
The American people have a right to have a say in who the Supreme Court nominee is and that say occurs when they vote for United States Senators and when they vote for the President of United States.,appeal to anger
American people should speak. You should go out and vote. You’re voting now. Vote and let your Senators know how strongly you feel.,appeal to fear
How many of you got up this morning and had an empty chair at the kitchen table because someone died of COVID?,appeal to fear
"A lot of people died and a lot more are going to die unless he gets a lot smarter, a lot quicker",appeal to fear
He will destroy this country,appeal to fear
worst,appeal to worse problems
art of the deal,appeal to positive emotion
art of the steal,appeal to ridicule
"Close your eyes, remember what those people look like coming out of the fields, carrying torches, their veins bulging, spewing–just spewing anti-Semitic bile and accompanied by the Ku Klux Klan.",appeal to fear
dog whistle,appeal to fear
racist hatred,appeal to anger
racist division,appeal to anger
very sick ideas,appeal to ridicule
horrible place,appeal to ridicule
racist place,appeal to ridicule
hatred,appeal to anger
Absolutely ridiculous,appeal to ridicule
Violent crime,appeal to fear
dangerous radical group.,appeal to fear
whole big con job,appeal to ridicule
"weaker, sicker, poorer, more divided and more violent",appeal to worse problems
dishonorably discharged,appeal to ridicule
And I’m proud of him. I’m proud of my son,appeal to positive emotion
crystal clean,appeal to positive emotion
beautiful clean,appeal to positive emotion
much safer,appeal to fear
dumbest,appeal to ridicule
most ridiculous,appeal to ridicule
"They came after me spying on my campaign. They started from the day I won, and even before I won.",appeal to fear
There’s fraud. They found ’em in creeks.,appeal to fear
This is going to be a fraud like you’ve never seen.,appeal to fear
shame,appeal to ridicule
It’s a rigged election.,appeal to fear
This is not going to end well,appeal to fear
fraudulent election,appeal to anger
xenophobic and hysterical,appeal to ridicule
"So I want to ask the American people, how calm were you when you were panicked about where you’re going to get your next roll of toilet paper? How calm were you when your kids were sent home from school and you didn’t know when they could go back?",appeal to fear
How calm were you when your children couldn’t see your parents because you were afraid they could kill them?,appeal to fear
We’re about freedom and respecting the freedom of the American people.,appeal to positive emotion
just unacceptable,appeal to anger
the second black woman,appeal to worse problems
complete disaster,appeal to worse problems
they’re coming for you.,appeal to fear
they’re coming for you,appeal to fear
catastrophe,appeal to fear
Communist,appeal to fear
isolationism,appeal to fear
made America less safe,appeal to fear
awful,appeal to ridicule
great American hero,appeal to positive emotion
insulting,appeal to ridicule
"And people around our country, of every race, of every age, of every gender – perfect strangers to each other – marched shoulder to shoulder, arm and arm, fighting for us to finally achieve that ideal of equal justice under law.",appeal to positive emotion
great insult,appeal to ridicule
